File,,REFLECTIVITY.csv,,,,,,,,
Date/Time,,26-03-05/14:34,,,,,,,,
,,,,,,,,,,
Trace,,A,,,,,,,,
Center Wavelength,,1553,nm,,,,,,,
Span Wavelength,,35,nm,,,,,,,
Start Wavelength,,1535.5,nm,,,,,,,
Stop Wavelength,,1570.5,nm,,,,,,,
Value In Air/Vacuum,,Vacuum,,,,,,,,
Optical Attenuater,,On,,,,,,,,
Resolution,,1,nm,,,,,,,
Actual Resolution,,0.937,nm,,,,,,,
VBW,,1000,Hz,,,,,,,
Point Average,,Off,,,,,,,,
Sweep Average,,1,,,,,,,,
Smooth,,Off,,,,,,,,
Sampling Points,,501,pt,,,,,,,
Trace Type,,Fix,,,,,,,,
Trace Storage Mode,,Off,,,,,,,,
Trace Calculate Trace 1,,-,,,,,,,,
Trace Calculate Trace 2,,-,,,,,,,,
Dynamic Range,,Normal,,,,,,,,
Ext-Trigger,,Off,,,,,,,,
Interval Time,,Off,,,,,,,,
MM Mode,,Off,,,,,,,,
Start,,1535.5,nm,,,,,,,
Stop,,1570.5,nm,,,,,,,
Trace,,B,,,,,,,,
Center Wavelength,,1553,nm,,,,,,,
Span Wavelength,,35,nm,,,,,,,
Start Wavelength,,1535.5,nm,,,,,,,
Stop Wavelength,,1570.5,nm,,,,,,,
Value In Air/Vacuum,,Vacuum,,,,,,,,
Optical Attenuater,,On,,,,,,,,
Resolution,,1,nm,,,,,,,
Actual Resolution,,0.937,nm,,,,,,,
VBW,,1000,Hz,,,,,,,
Point Average,,Off,,,,,,,,
Sweep Average,,1,,,,,,,,
Smooth,,Off,,,,,,,,
Sampling Points,,501,pt,,,,,,,
Trace Type,,Write,,,,,,,,
Trace Storage Mode,,Off,,,,,,,,
Trace Calculate Trace 1,,-,,,,,,,,
Trace Calculate Trace 2,,-,,,,,,,,
Dynamic Range,,Normal,,,,,,,,
Ext-Trigger,,Off,,,,,,,,
Interval Time,,Off,,,,,,,,
MM Mode,,Off,,,,,,,,
Start,,1535.5,nm,,,,,,,
Stop,,1570.5,nm,,,,,,,
Trace,,C,,,,,,,,
Center Wavelength,,1553,nm,,,,,,,
Span Wavelength,,35,nm,,,,,,,
Start Wavelength,,1535.5,nm,,,,,,,
Stop Wavelength,,1570.5,nm,,,,,,,
Value In Air/Vacuum,,Vacuum,,,,,,,,
Optical Attenuater,,On,,,,,,,,
Resolution,,1,nm,,,,,,,
Actual Resolution,,0.937,nm,,,,,,,
VBW,,1000,Hz,,,,,,,
Point Average,,Off,,,,,,,,
Sweep Average,,1,,,,,,,,
Smooth,,Off,,,,,,,,
Sampling Points,,501,pt,,,,,,,
Trace Type,,Fix,,,,,,,,
Trace Storage Mode,,Off,,,,,,,,
Trace Calculate Trace 1,,-,,,,,,,,
Trace Calculate Trace 2,,-,,,,,,,,
Dynamic Range,,Normal,,,,,,,,
Ext-Trigger,,Off,,,,,,,,
Interval Time,,Off,,,,,,,,
MM Mode,,Off,,,,,,,,
Trace,,D,,,,,,,,
Center Wavelength,,1553,nm,,,,,,,
Span Wavelength,,35,nm,,,,,,,
Start Wavelength,,1535.5,nm,,,,,,,
Stop Wavelength,,1570.5,nm,,,,,,,
Value In Air/Vacuum,,Vacuum,,,,,,,,
Optical Attenuater,,On,,,,,,,,
Resolution,,1,nm,,,,,,,
Actual Resolution,,0.937,nm,,,,,,,
VBW,,1000,Hz,,,,,,,
Point Average,,Off,,,,,,,,
Sweep Average,,1,,,,,,,,
Smooth,,Off,,,,,,,,
Sampling Points,,501,pt,,,,,,,
Trace Type,,Fix,,,,,,,,
Trace Storage Mode,,Off,,,,,,,,
Trace Calculate Trace 1,,-,,,,,,,,
Trace Calculate Trace 2,,-,,,,,,,,
Dynamic Range,,Normal,,,,,,,,
Ext-Trigger,,Off,,,,,,,,
Interval Time,,Off,,,,,,,,
MM Mode,,Off,,,,,,,,
Trace,,E,,,,,,,,
Center Wavelength,,1553,nm,,,,,,,
Span Wavelength,,35,nm,,,,,,,
Start Wavelength,,1535.5,nm,,,,,,,
Stop Wavelength,,1570.5,nm,,,,,,,
Value In Air/Vacuum,,Vacuum,,,,,,,,
Optical Attenuater,,On,,,,,,,,
Resolution,,1,nm,,,,,,,
Actual Resolution,,0.937,nm,,,,,,,
VBW,,1000,Hz,,,,,,,
Point Average,,Off,,,,,,,,
Sweep Average,,1,,,,,,,,
Smooth,,Off,,,,,,,,
Sampling Points,,501,pt,,,,,,,
Trace Type,,Fix,,,,,,,,
Trace Storage Mode,,Off,,,,,,,,
Trace Calculate Trace 1,,-,,,,,,,,
Trace Calculate Trace 2,,-,,,,,,,,
Dynamic Range,,Normal,,,,,,,,
Ext-Trigger,,Off,,,,,,,,
Interval Time,,Off,,,,,,,,
MM Mode,,Off,,,,,,,,
Trace,,F,,,,,,,,
Center Wavelength,,1553,nm,,,,,,,
Span Wavelength,,35,nm,,,,,,,
Start Wavelength,,1535.5,nm,,,,,,,
Stop Wavelength,,1570.5,nm,,,,,,,
Value In Air/Vacuum,,Vacuum,,,,,,,,
Optical Attenuater,,On,,,,,,,,
Resolution,,1,nm,,,,,,,
Actual Resolution,,0.937,nm,,,,,,,
VBW,,1000,Hz,,,,,,,
Point Average,,Off,,,,,,,,
Sweep Average,,1,,,,,,,,
Smooth,,Off,,,,,,,,
Sampling Points,,501,pt,,,,,,,
Trace Type,,Fix,,,,,,,,
Trace Storage Mode,,Off,,,,,,,,
Trace Calculate Trace 1,,-,,,,,,,,
Trace Calculate Trace 2,,-,,,,,,,,
Dynamic Range,,Normal,,,,,,,,
Ext-Trigger,,Off,,,,,,,,
Interval Time,,Off,,,,,,,,
MM Mode,,Off,,,,,,,,
Trace,,G,,,,,,,,
Center Wavelength,,1553,nm,,,,,,,
Span Wavelength,,35,nm,,,,,,,
Start Wavelength,,1535.5,nm,,,,,,,
Stop Wavelength,,1570.5,nm,,,,,,,
Value In Air/Vacuum,,Vacuum,,,,,,,,
Optical Attenuater,,On,,,,,,,,
Resolution,,1,nm,,,,,,,
Actual Resolution,,0.937,nm,,,,,,,
VBW,,1000,Hz,,,,,,,
Point Average,,Off,,,,,,,,
Sweep Average,,1,,,,,,,,
Smooth,,Off,,,,,,,,
Sampling Points,,501,pt,,,,,,,
Trace Type,,Fix,,,,,,,,
Trace Storage Mode,,Off,,,,,,,,
Trace Calculate Trace 1,,-,,,,,,,,
Trace Calculate Trace 2,,-,,,,,,,,
Dynamic Range,,Normal,,,,,,,,
Ext-Trigger,,Off,,,,,,,,
Interval Time,,Off,,,,,,,,
MM Mode,,Off,,,,,,,,
Trace,,H,,,,,,,,
Center Wavelength,,1553,nm,,,,,,,
Span Wavelength,,35,nm,,,,,,,
Start Wavelength,,1535.5,nm,,,,,,,
Stop Wavelength,,1570.5,nm,,,,,,,
Value In Air/Vacuum,,Vacuum,,,,,,,,
Optical Attenuater,,On,,,,,,,,
Resolution,,1,nm,,,,,,,
Actual Resolution,,0.937,nm,,,,,,,
VBW,,1000,Hz,,,,,,,
Point Average,,Off,,,,,,,,
Sweep Average,,1,,,,,,,,
Smooth,,Off,,,,,,,,
Sampling Points,,501,pt,,,,,,,
Trace Type,,Write,,,,,,,,
Trace Storage Mode,,Off,,,,,,,,
Trace Calculate Trace 1,,-,,,,,,,,
Trace Calculate Trace 2,,-,,,,,,,,
Dynamic Range,,Normal,,,,,,,,
Ext-Trigger,,Off,,,,,,,,
Interval Time,,Off,,,,,,,,
MM Mode,,Off,,,,,,,,
Start,,1535.5,nm,,,,,,,
Stop,,1570.5,nm,,,,,,,
Trace,,I,,,,,,,,
Center Wavelength,,1553,nm,,,,,,,
Span Wavelength,,35,nm,,,,,,,
Start Wavelength,,1535.5,nm,,,,,,,
Stop Wavelength,,1570.5,nm,,,,,,,
Value In Air/Vacuum,,Vacuum,,,,,,,,
Optical Attenuater,,On,,,,,,,,
Resolution,,1,nm,,,,,,,
Actual Resolution,,0.937,nm,,,,,,,
VBW,,1000,Hz,,,,,,,
Point Average,,Off,,,,,,,,
Sweep Average,,1,,,,,,,,
Smooth,,Off,,,,,,,,
Sampling Points,,501,pt,,,,,,,
Trace Type,,Write,,,,,,,,
Trace Storage Mode,,Off,,,,,,,,
Trace Calculate Trace 1,,-,,,,,,,,
Trace Calculate Trace 2,,-,,,,,,,,
Dynamic Range,,Normal,,,,,,,,
Ext-Trigger,,Off,,,,,,,,
Interval Time,,Off,,,,,,,,
MM Mode,,Off,,,,,,,,
Start,,1535.5,nm,,,,,,,
Stop,,1570.5,nm,,,,,,,
Trace,,J,,,,,,,,
Center Wavelength,,1553,nm,,,,,,,
Span Wavelength,,35,nm,,,,,,,
Start Wavelength,,1535.5,nm,,,,,,,
Stop Wavelength,,1570.5,nm,,,,,,,
Value In Air/Vacuum,,Vacuum,,,,,,,,
Optical Attenuater,,On,,,,,,,,
Resolution,,1,nm,,,,,,,
Actual Resolution,,0.937,nm,,,,,,,
VBW,,1000,Hz,,,,,,,
Point Average,,Off,,,,,,,,
Sweep Average,,1,,,,,,,,
Smooth,,Off,,,,,,,,
Sampling Points,,501,pt,,,,,,,
Trace Type,,Write,,,,,,,,
Trace Storage Mode,,Off,,,,,,,,
Trace Calculate Trace 1,,-,,,,,,,,
Trace Calculate Trace 2,,-,,,,,,,,
Dynamic Range,,Normal,,,,,,,,
Ext-Trigger,,Off,,,,,,,,
Interval Time,,Off,,,,,,,,
MM Mode,,Off,,,,,,,,
Start,,1535.5,nm,,,,,,,
Stop,,1570.5,nm,,,,,,,
,,,,,,,,,,
Wavelength(A),,Level(A),Wavelength(B),Level(B),Wavelength(H),Level(H),Wavelength(I),Level(I),Wavelength(J),Level(J)
1535.5,-0.724688645,1.8850E-001,1535.5,1.8850E-001,1535.5,1.8850E-001,1535.5,1.8850E-001,1535.5,1.8850E-001
1535.57,-0.747875447,1.7870E-001,1535.57,1.7870E-001,1535.57,1.7870E-001,1535.57,1.7870E-001,1535.57,1.7870E-001
1535.64,-0.770318158,1.6970E-001,1535.64,1.6970E-001,1535.64,1.6970E-001,1535.64,1.6970E-001,1535.64,1.6970E-001
1535.71,-0.79290446,1.6110E-001,1535.71,1.6110E-001,1535.71,1.6110E-001,1535.71,1.6110E-001,1535.71,1.6110E-001
1535.78,-0.815592515,1.5290E-001,1535.78,1.5290E-001,1535.78,1.5290E-001,1535.78,1.5290E-001,1535.78,1.5290E-001
1535.85,-0.837734386,1.4530E-001,1535.85,1.4530E-001,1535.85,1.4530E-001,1535.85,1.4530E-001,1535.85,1.4530E-001
1535.92,-0.859806321,1.3810E-001,1535.92,1.3810E-001,1535.92,1.3810E-001,1535.92,1.3810E-001,1535.92,1.3810E-001
1535.99,-0.882066165,1.3120E-001,1535.99,1.3120E-001,1535.99,1.3120E-001,1535.99,1.3120E-001,1535.99,1.3120E-001
1536.06,-0.903089987,1.2500E-001,1536.06,1.2500E-001,1536.06,1.2500E-001,1536.06,1.2500E-001,1536.06,1.2500E-001
1536.13,-0.924088239,1.1910E-001,1536.13,1.1910E-001,1536.13,1.1910E-001,1536.13,1.1910E-001,1536.13,1.1910E-001
1536.2,-0.945386945,1.1340E-001,1536.2,1.1340E-001,1536.2,1.1340E-001,1536.2,1.1340E-001,1536.2,1.1340E-001
1536.27,-0.966174306,1.0810E-001,1536.27,1.0810E-001,1536.27,1.0810E-001,1536.27,1.0810E-001,1536.27,1.0810E-001
1536.34,-0.985899678,1.0330E-001,1536.34,1.0330E-001,1536.34,1.0330E-001,1536.34,1.0330E-001,1536.34,1.0330E-001
1536.41,-1.005638848,9.8710E-002,1536.41,9.8710E-002,1536.41,9.8710E-002,1536.41,9.8710E-002,1536.41,9.8710E-002
1536.48,-1.024522237,9.4510E-002,1536.48,9.4510E-002,1536.48,9.4510E-002,1536.48,9.4510E-002,1536.48,9.4510E-002
1536.55,-1.043399412,9.0490E-002,1536.55,9.0490E-002,1536.55,9.0490E-002,1536.55,9.0490E-002,1536.55,9.0490E-002
1536.62,-1.061480275,8.6800E-002,1536.62,8.6800E-002,1536.62,8.6800E-002,1536.62,8.6800E-002,1536.62,8.6800E-002
1536.69,-1.079720105,8.3230E-002,1536.69,8.3230E-002,1536.69,8.3230E-002,1536.69,8.3230E-002,1536.69,8.3230E-002
1536.76,-1.097127215,7.9960E-002,1536.76,7.9960E-002,1536.76,7.9960E-002,1536.76,7.9960E-002,1536.76,7.9960E-002
1536.83,-1.113904268,7.6930E-002,1536.83,7.6930E-002,1536.83,7.6930E-002,1536.83,7.6930E-002,1536.83,7.6930E-002
1536.9,-1.130474937,7.4050E-002,1536.9,7.4050E-002,1536.9,7.4050E-002,1536.9,7.4050E-002,1536.9,7.4050E-002
1536.97,-1.146362618,7.1390E-002,1536.97,7.1390E-002,1536.97,7.1390E-002,1536.97,7.1390E-002,1536.97,7.1390E-002
1537.04,-1.161843815,6.8890E-002,1537.04,6.8890E-002,1537.04,6.8890E-002,1537.04,6.8890E-002,1537.04,6.8890E-002
1537.11,-1.177308989,6.6480E-002,1537.11,6.6480E-002,1537.11,6.6480E-002,1537.11,6.6480E-002,1537.11,6.6480E-002
1537.18,-1.192059279,6.4260E-002,1537.18,6.4260E-002,1537.18,6.4260E-002,1537.18,6.4260E-002,1537.18,6.4260E-002
1537.25,-1.206000199,6.2230E-002,1537.25,6.2230E-002,1537.25,6.2230E-002,1537.25,6.2230E-002,1537.25,6.2230E-002
1537.32,-1.219610672,6.0310E-002,1537.32,6.0310E-002,1537.32,6.0310E-002,1537.32,6.0310E-002,1537.32,6.0310E-002
1537.39,-1.232992636,5.8480E-002,1537.39,5.8480E-002,1537.39,5.8480E-002,1537.39,5.8480E-002,1537.39,5.8480E-002
1537.46,-1.246034134,5.6750E-002,1537.46,5.6750E-002,1537.46,5.6750E-002,1537.46,5.6750E-002,1537.46,5.6750E-002
1537.53,-1.25774633,5.5240E-002,1537.53,5.5240E-002,1537.53,5.5240E-002,1537.53,5.5240E-002,1537.53,5.5240E-002
1537.6,-1.269621531,5.3750E-002,1537.6,5.3750E-002,1537.6,5.3750E-002,1537.6,5.3750E-002,1537.6,5.3750E-002
1537.67,-1.281166282,5.2340E-002,1537.67,5.2340E-002,1537.67,5.2340E-002,1537.67,5.2340E-002,1537.67,5.2340E-002
1537.74,-1.29191919,5.1060E-002,1537.74,5.1060E-002,1537.74,5.1060E-002,1537.74,5.1060E-002,1537.74,5.1060E-002
1537.81,-1.302247726,4.9860E-002,1537.81,4.9860E-002,1537.81,4.9860E-002,1537.81,4.9860E-002,1537.81,4.9860E-002
1537.88,-1.31229272,4.8720E-002,1537.88,4.8720E-002,1537.88,4.8720E-002,1537.88,4.8720E-002,1537.88,4.8720E-002
1537.95,-1.321572678,4.7690E-002,1537.95,4.7690E-002,1537.95,4.7690E-002,1537.95,4.7690E-002,1537.95,4.7690E-002
1538.02,-1.330683119,4.6700E-002,1538.02,4.6700E-002,1538.02,4.6700E-002,1538.02,4.6700E-002,1538.02,4.6700E-002
1538.09,-1.339419088,4.5770E-002,1538.09,4.5770E-002,1538.09,4.5770E-002,1538.09,4.5770E-002,1538.09,4.5770E-002
1538.16,-1.347656945,4.4910E-002,1538.16,4.4910E-002,1538.16,4.4910E-002,1538.16,4.4910E-002,1538.16,4.4910E-002
1538.23,-1.355659901,4.4090E-002,1538.23,4.4090E-002,1538.23,4.4090E-002,1538.23,4.4090E-002,1538.23,4.4090E-002
1538.3,-1.362810578,4.3370E-002,1538.3,4.3370E-002,1538.3,4.3370E-002,1538.3,4.3370E-002,1538.3,4.3370E-002
1538.37,-1.370080964,4.2650E-002,1538.37,4.2650E-002,1538.37,4.2650E-002,1538.37,4.2650E-002,1538.37,4.2650E-002
1538.44,-1.376647318,4.2010E-002,1538.44,4.2010E-002,1538.44,4.2010E-002,1538.44,4.2010E-002,1538.44,4.2010E-002
1538.51,-1.383314479,4.1370E-002,1538.51,4.1370E-002,1538.51,4.1370E-002,1538.51,4.1370E-002,1538.51,4.1370E-002
1538.58,-1.389127,4.0820E-002,1538.58,4.0820E-002,1538.58,4.0820E-002,1538.58,4.0820E-002,1538.58,4.0820E-002
1538.65,-1.394802733,4.0290E-002,1538.65,4.0290E-002,1538.65,4.0290E-002,1538.65,4.0290E-002,1538.65,4.0290E-002
1538.72,-1.400335221,3.9780E-002,1538.72,3.9780E-002,1538.72,3.9780E-002,1538.72,3.9780E-002,1538.72,3.9780E-002
1538.79,-1.40494491,3.9360E-002,1538.79,3.9360E-002,1538.79,3.9360E-002,1538.79,3.9360E-002,1538.79,3.9360E-002
1538.86,-1.409492538,3.8950E-002,1538.86,3.8950E-002,1538.86,3.8950E-002,1538.86,3.8950E-002,1538.86,3.8950E-002
1538.93,-1.413862975,3.8560E-002,1538.93,3.8560E-002,1538.93,3.8560E-002,1538.93,3.8560E-002,1538.93,3.8560E-002
1539,-1.417709317,3.8220E-002,1539,3.8220E-002,1539,3.8220E-002,1539,3.8220E-002,1539,3.8220E-002
1539.07,-1.421246216,3.7910E-002,1539.07,3.7910E-002,1539.07,3.7910E-002,1539.07,3.7910E-002,1539.07,3.7910E-002
1539.14,-1.424927674,3.7590E-002,1539.14,3.7590E-002,1539.14,3.7590E-002,1539.14,3.7590E-002,1539.14,3.7590E-002
1539.21,-1.427825686,3.7340E-002,1539.21,3.7340E-002,1539.21,3.7340E-002,1539.21,3.7340E-002,1539.21,3.7340E-002
1539.28,-1.430158101,3.7140E-002,1539.28,3.7140E-002,1539.28,3.7140E-002,1539.28,3.7140E-002,1539.28,3.7140E-002
1539.35,-1.432855955,3.6910E-002,1539.35,3.6910E-002,1539.35,3.6910E-002,1539.35,3.6910E-002,1539.35,3.6910E-002
1539.42,-1.434624497,3.6760E-002,1539.42,3.6760E-002,1539.42,3.6760E-002,1539.42,3.6760E-002,1539.42,3.6760E-002
1539.49,-1.437112619,3.6550E-002,1539.49,3.6550E-002,1539.49,3.6550E-002,1539.49,3.6550E-002,1539.49,3.6550E-002
1539.56,-1.438660059,3.6420E-002,1539.56,3.6420E-002,1539.56,3.6420E-002,1539.56,3.6420E-002,1539.56,3.6420E-002
1539.63,-1.440093375,3.6300E-002,1539.63,3.6300E-002,1539.63,3.6300E-002,1539.63,3.6300E-002,1539.63,3.6300E-002
1539.7,-1.441771578,3.6160E-002,1539.7,3.6160E-002,1539.7,3.6160E-002,1539.7,3.6160E-002,1539.7,3.6160E-002
1539.77,-1.443094731,3.6050E-002,1539.77,3.6050E-002,1539.77,3.6050E-002,1539.77,3.6050E-002,1539.77,3.6050E-002
1539.84,-1.443335738,3.6030E-002,1539.84,3.6030E-002,1539.84,3.6030E-002,1539.84,3.6030E-002,1539.84,3.6030E-002
1539.91,-1.444542783,3.5930E-002,1539.91,3.5930E-002,1539.91,3.5930E-002,1539.91,3.5930E-002,1539.91,3.5930E-002
1539.98,-1.44551084,3.5850E-002,1539.98,3.5850E-002,1539.98,3.5850E-002,1539.98,3.5850E-002,1539.98,3.5850E-002
1540.05,-1.445631999,3.5840E-002,1540.05,3.5840E-002,1540.05,3.5840E-002,1540.05,3.5840E-002,1540.05,3.5840E-002
1540.12,-1.445874418,3.5820E-002,1540.12,3.5820E-002,1540.12,3.5820E-002,1540.12,3.5820E-002,1540.12,3.5820E-002
1540.19,-1.44648106,3.5770E-002,1540.19,3.5770E-002,1540.19,3.5770E-002,1540.19,3.5770E-002,1540.19,3.5770E-002
1540.26,-1.446966984,3.5730E-002,1540.26,3.5730E-002,1540.26,3.5730E-002,1540.26,3.5730E-002,1540.26,3.5730E-002
1540.33,-1.44660249,3.5760E-002,1540.33,3.5760E-002,1540.33,3.5760E-002,1540.33,3.5760E-002,1540.33,3.5760E-002
1540.4,-1.446116973,3.5800E-002,1540.4,3.5800E-002,1540.4,3.5800E-002,1540.4,3.5800E-002,1540.4,3.5800E-002
1540.47,-1.445995679,3.5810E-002,1540.47,3.5810E-002,1540.47,3.5810E-002,1540.47,3.5810E-002,1540.47,3.5810E-002
1540.54,-1.445874418,3.5820E-002,1540.54,3.5820E-002,1540.54,3.5820E-002,1540.54,3.5820E-002,1540.54,3.5820E-002
1540.61,-1.445389715,3.5860E-002,1540.61,3.5860E-002,1540.61,3.5860E-002,1540.61,3.5860E-002,1540.61,3.5860E-002
1540.68,-1.444421927,3.5940E-002,1540.68,3.5940E-002,1540.68,3.5940E-002,1540.68,3.5940E-002,1540.68,3.5940E-002
1540.75,-1.444421927,3.5940E-002,1540.75,3.5940E-002,1540.75,3.5940E-002,1540.75,3.5940E-002,1540.75,3.5940E-002
1540.82,-1.443697499,3.6000E-002,1540.82,3.6000E-002,1540.82,3.6000E-002,1540.82,3.6000E-002,1540.82,3.6000E-002
1540.89,-1.442733471,3.6080E-002,1540.89,3.6080E-002,1540.89,3.6080E-002,1540.89,3.6080E-002,1540.89,3.6080E-002
1540.96,-1.441651491,3.6170E-002,1540.96,3.6170E-002,1540.96,3.6170E-002,1540.96,3.6170E-002,1540.96,3.6170E-002
1541.03,-1.441291429,3.6200E-002,1541.03,3.6200E-002,1541.03,3.6200E-002,1541.03,3.6200E-002,1541.03,3.6200E-002
1541.1,-1.440213032,3.6290E-002,1541.1,3.6290E-002,1541.1,3.6290E-002,1541.1,3.6290E-002,1541.1,3.6290E-002
1541.17,-1.439376125,3.6360E-002,1541.17,3.6360E-002,1541.17,3.6360E-002,1541.17,3.6360E-002,1541.17,3.6360E-002
1541.24,-1.438064237,3.6470E-002,1541.24,3.6470E-002,1541.24,3.6470E-002,1541.24,3.6470E-002,1541.24,3.6470E-002
1541.31,-1.437588167,3.6510E-002,1541.31,3.6510E-002,1541.31,3.6510E-002,1541.31,3.6510E-002,1541.31,3.6510E-002
1541.38,-1.436518915,3.6600E-002,1541.38,3.6600E-002,1541.38,3.6600E-002,1541.38,3.6600E-002,1541.38,3.6600E-002
1541.45,-1.435452288,3.6690E-002,1541.45,3.6690E-002,1541.45,3.6690E-002,1541.45,3.6690E-002,1541.45,3.6690E-002
1541.52,-1.434624497,3.6760E-002,1541.52,3.6760E-002,1541.52,3.6760E-002,1541.52,3.6760E-002,1541.52,3.6760E-002
1541.59,-1.433798281,3.6830E-002,1541.59,3.6830E-002,1541.59,3.6830E-002,1541.59,3.6830E-002,1541.59,3.6830E-002
1541.66,-1.432973634,3.6900E-002,1541.66,3.6900E-002,1541.66,3.6900E-002,1541.66,3.6900E-002,1541.66,3.6900E-002
1541.73,-1.432033093,3.6980E-002,1541.73,3.6980E-002,1541.73,3.6980E-002,1541.73,3.6980E-002,1541.73,3.6980E-002
1541.8,-1.431446288,3.7030E-002,1541.8,3.7030E-002,1541.8,3.7030E-002,1541.8,3.7030E-002,1541.8,3.7030E-002
1541.87,-1.43062609,3.7100E-002,1541.87,3.7100E-002,1541.87,3.7100E-002,1541.87,3.7100E-002,1541.87,3.7100E-002
1541.94,-1.429924295,3.7160E-002,1541.94,3.7160E-002,1541.94,3.7160E-002,1541.94,3.7160E-002,1541.94,3.7160E-002
1542.01,-1.428990328,3.7240E-002,1542.01,3.7240E-002,1542.01,3.7240E-002,1542.01,3.7240E-002,1542.01,3.7240E-002
1542.08,-1.428640607,3.7270E-002,1542.08,3.7270E-002,1542.08,3.7270E-002,1542.08,3.7270E-002,1542.08,3.7270E-002
1542.15,-1.427709394,3.7350E-002,1542.15,3.7350E-002,1542.15,3.7350E-002,1542.15,3.7350E-002,1542.15,3.7350E-002
1542.22,-1.426780173,3.7430E-002,1542.22,3.7430E-002,1542.22,3.7430E-002,1542.22,3.7430E-002,1542.22,3.7430E-002
1542.29,-1.426548178,3.7450E-002,1542.29,3.7450E-002,1542.29,3.7450E-002,1542.29,3.7450E-002,1542.29,3.7450E-002
1542.36,-1.425852936,3.7510E-002,1542.36,3.7510E-002,1542.36,3.7510E-002,1542.36,3.7510E-002,1542.36,3.7510E-002
1542.43,-1.425043224,3.7580E-002,1542.43,3.7580E-002,1542.43,3.7580E-002,1542.43,3.7580E-002,1542.43,3.7580E-002
1542.5,-1.425043224,3.7580E-002,1542.5,3.7580E-002,1542.5,3.7580E-002,1542.5,3.7580E-002,1542.5,3.7580E-002
1542.57,-1.424465782,3.7630E-002,1542.57,3.7630E-002,1542.57,3.7630E-002,1542.57,3.7630E-002,1542.57,3.7630E-002
1542.64,-1.424465782,3.7630E-002,1542.64,3.7630E-002,1542.64,3.7630E-002,1542.64,3.7630E-002,1542.64,3.7630E-002
1542.71,-1.424235019,3.7650E-002,1542.71,3.7650E-002,1542.71,3.7650E-002,1542.71,3.7650E-002,1542.71,3.7650E-002
1542.78,-1.424119684,3.7660E-002,1542.78,3.7660E-002,1542.78,3.7660E-002,1542.78,3.7660E-002,1542.78,3.7660E-002
1542.85,-1.424350385,3.7640E-002,1542.85,3.7640E-002,1542.85,3.7640E-002,1542.85,3.7640E-002,1542.85,3.7640E-002
1542.92,-1.424581209,3.7620E-002,1542.92,3.7620E-002,1542.92,3.7620E-002,1542.92,3.7620E-002,1542.92,3.7620E-002
1542.99,-1.424350385,3.7640E-002,1542.99,3.7640E-002,1542.99,3.7640E-002,1542.99,3.7640E-002,1542.99,3.7640E-002
1543.06,-1.424350385,3.7640E-002,1543.06,3.7640E-002,1543.06,3.7640E-002,1543.06,3.7640E-002,1543.06,3.7640E-002
1543.13,-1.425043224,3.7580E-002,1543.13,3.7580E-002,1543.13,3.7580E-002,1543.13,3.7580E-002,1543.13,3.7580E-002
1543.2,-1.425274416,3.7560E-002,1543.2,3.7560E-002,1543.2,3.7560E-002,1543.2,3.7560E-002,1543.2,3.7560E-002
1543.27,-1.425274416,3.7560E-002,1543.27,3.7560E-002,1543.27,3.7560E-002,1543.27,3.7560E-002,1543.27,3.7560E-002
1543.34,-1.426548178,3.7450E-002,1543.34,3.7450E-002,1543.34,3.7450E-002,1543.34,3.7450E-002,1543.34,3.7450E-002
1543.41,-1.426780173,3.7430E-002,1543.41,3.7430E-002,1543.41,3.7430E-002,1543.41,3.7430E-002,1543.41,3.7430E-002
1543.48,-1.427360703,3.7380E-002,1543.48,3.7380E-002,1543.48,3.7380E-002,1543.48,3.7380E-002,1543.48,3.7380E-002
1543.55,-1.427825686,3.7340E-002,1543.55,3.7340E-002,1543.55,3.7340E-002,1543.55,3.7340E-002,1543.55,3.7340E-002
1543.62,-1.428990328,3.7240E-002,1543.62,3.7240E-002,1543.62,3.7240E-002,1543.62,3.7240E-002,1543.62,3.7240E-002
1543.69,-1.430041182,3.7150E-002,1543.69,3.7150E-002,1543.69,3.7150E-002,1543.69,3.7150E-002,1543.69,3.7150E-002
1543.76,-1.430509046,3.7110E-002,1543.76,3.7110E-002,1543.76,3.7110E-002,1543.76,3.7110E-002,1543.76,3.7110E-002
1543.83,-1.431680915,3.7010E-002,1543.83,3.7010E-002,1543.83,3.7010E-002,1543.83,3.7010E-002,1543.83,3.7010E-002
1543.9,-1.432738308,3.6920E-002,1543.9,3.6920E-002,1543.9,3.6920E-002,1543.9,3.6920E-002,1543.9,3.6920E-002
1543.97,-1.433916216,3.6820E-002,1543.97,3.6820E-002,1543.97,3.6820E-002,1543.97,3.6820E-002,1543.97,3.6820E-002
1544.04,-1.435097327,3.6720E-002,1544.04,3.6720E-002,1544.04,3.6720E-002,1544.04,3.6720E-002,1544.04,3.6720E-002
1544.11,-1.435926021,3.6650E-002,1544.11,3.6650E-002,1544.11,3.6650E-002,1544.11,3.6650E-002,1544.11,3.6650E-002
1544.18,-1.437826137,3.6490E-002,1544.18,3.6490E-002,1544.18,3.6490E-002,1544.18,3.6490E-002,1544.18,3.6490E-002
1544.25,-1.439017944,3.6390E-002,1544.25,3.6390E-002,1544.25,3.6390E-002,1544.25,3.6390E-002,1544.25,3.6390E-002
1544.32,-1.43985416,3.6320E-002,1544.32,3.6320E-002,1544.32,3.6320E-002,1544.32,3.6320E-002,1544.32,3.6320E-002
1544.39,-1.441651491,3.6170E-002,1544.39,3.6170E-002,1544.39,3.6170E-002,1544.39,3.6170E-002,1544.39,3.6170E-002
1544.46,-1.443215218,3.6040E-002,1544.46,3.6040E-002,1544.46,3.6040E-002,1544.46,3.6040E-002,1544.46,3.6040E-002
1544.53,-1.444059562,3.5970E-002,1544.53,3.5970E-002,1544.53,3.5970E-002,1544.53,3.5970E-002,1544.53,3.5970E-002
1544.6,-1.445268623,3.5870E-002,1544.6,3.5870E-002,1544.6,3.5870E-002,1544.6,3.5870E-002,1544.6,3.5870E-002
1544.67,-1.44660249,3.5760E-002,1544.67,3.5760E-002,1544.67,3.5760E-002,1544.67,3.5760E-002,1544.67,3.5760E-002
1544.74,-1.447940466,3.5650E-002,1544.74,3.5650E-002,1544.74,3.5650E-002,1544.74,3.5650E-002,1544.74,3.5650E-002
1544.81,-1.449404793,3.5530E-002,1544.81,3.5530E-002,1544.81,3.5530E-002,1544.81,3.5530E-002,1544.81,3.5530E-002
1544.88,-1.450874073,3.5410E-002,1544.88,3.5410E-002,1544.88,3.5410E-002,1544.88,3.5410E-002,1544.88,3.5410E-002
1544.95,-1.452717692,3.5260E-002,1544.95,3.5260E-002,1544.95,3.5260E-002,1544.95,3.5260E-002,1544.95,3.5260E-002
1545.02,-1.454198243,3.5140E-002,1545.02,3.5140E-002,1545.02,3.5140E-002,1545.02,3.5140E-002,1545.02,3.5140E-002
1545.09,-1.456056058,3.4990E-002,1545.09,3.4990E-002,1545.09,3.4990E-002,1545.09,3.4990E-002,1545.09,3.4990E-002
1545.16,-1.457672617,3.4860E-002,1545.16,3.4860E-002,1545.16,3.4860E-002,1545.16,3.4860E-002,1545.16,3.4860E-002
1545.23,-1.459295217,3.4730E-002,1545.23,3.4730E-002,1545.23,3.4730E-002,1545.23,3.4730E-002,1545.23,3.4730E-002
1545.3,-1.461677667,3.4540E-002,1545.3,3.4540E-002,1545.3,3.4540E-002,1545.3,3.4540E-002,1545.3,3.4540E-002
1545.37,-1.463441557,3.4400E-002,1545.37,3.4400E-002,1545.37,3.4400E-002,1545.37,3.4400E-002,1545.37,3.4400E-002
1545.44,-1.465846926,3.4210E-002,1545.44,3.4210E-002,1545.44,3.4210E-002,1545.44,3.4210E-002,1545.44,3.4210E-002
1545.51,-1.467882884,3.4050E-002,1545.51,3.4050E-002,1545.51,3.4050E-002,1545.51,3.4050E-002,1545.51,3.4050E-002
1545.58,-1.46967221,3.3910E-002,1545.58,3.3910E-002,1545.58,3.3910E-002,1545.58,3.3910E-002,1545.58,3.3910E-002
1545.65,-1.471726223,3.3750E-002,1545.65,3.3750E-002,1545.65,3.3750E-002,1545.65,3.3750E-002,1545.65,3.3750E-002
1545.72,-1.474048659,3.3570E-002,1545.72,3.3570E-002,1545.72,3.3570E-002,1545.72,3.3570E-002,1545.72,3.3570E-002
1545.79,-1.476513668,3.3380E-002,1545.79,3.3380E-002,1545.79,3.3380E-002,1545.79,3.3380E-002,1545.79,3.3380E-002
1545.86,-1.478992748,3.3190E-002,1545.86,3.3190E-002,1545.86,3.3190E-002,1545.86,3.3190E-002,1545.86,3.3190E-002
1545.93,-1.481222931,3.3020E-002,1545.93,3.3020E-002,1545.93,3.3020E-002,1545.93,3.3020E-002,1545.93,3.3020E-002
1546,-1.483332441,3.2860E-002,1546,3.2860E-002,1546,3.2860E-002,1546,3.2860E-002,1546,3.2860E-002
1546.07,-1.485850866,3.2670E-002,1546.07,3.2670E-002,1546.07,3.2670E-002,1546.07,3.2670E-002,1546.07,3.2670E-002
1546.14,-1.488785299,3.2450E-002,1546.14,3.2450E-002,1546.14,3.2450E-002,1546.14,3.2450E-002,1546.14,3.2450E-002
1546.21,-1.490394295,3.2330E-002,1546.21,3.2330E-002,1546.21,3.2330E-002,1546.21,3.2330E-002,1546.21,3.2330E-002
1546.28,-1.493089274,3.2130E-002,1546.28,3.2130E-002,1546.28,3.2130E-002,1546.28,3.2130E-002,1546.28,3.2130E-002
1546.35,-1.495393229,3.1960E-002,1546.35,3.1960E-002,1546.35,3.1960E-002,1546.35,3.1960E-002,1546.35,3.1960E-002
1546.42,-1.497709472,3.1790E-002,1546.42,3.1790E-002,1546.42,3.1790E-002,1546.42,3.1790E-002,1546.42,3.1790E-002
1546.49,-1.500863005,3.1560E-002,1546.49,3.1560E-002,1546.49,3.1560E-002,1546.49,3.1560E-002,1546.49,3.1560E-002
1546.56,-1.503347061,3.1380E-002,1546.56,3.1380E-002,1546.56,3.1380E-002,1546.56,3.1380E-002,1546.56,3.1380E-002
1546.63,-1.506681392,3.1140E-002,1546.63,3.1140E-002,1546.63,3.1140E-002,1546.63,3.1140E-002,1546.63,3.1140E-002
1546.7,-1.509479691,3.0940E-002,1546.7,3.0940E-002,1546.7,3.0940E-002,1546.7,3.0940E-002,1546.7,3.0940E-002
1546.77,-1.512296137,3.0740E-002,1546.77,3.0740E-002,1546.77,3.0740E-002,1546.77,3.0740E-002,1546.77,3.0740E-002
1546.84,-1.515273196,3.0530E-002,1546.84,3.0530E-002,1546.84,3.0530E-002,1546.84,3.0530E-002,1546.84,3.0530E-002
1546.91,-1.517984424,3.0340E-002,1546.91,3.0340E-002,1546.91,3.0340E-002,1546.91,3.0340E-002,1546.91,3.0340E-002
1546.98,-1.521000868,3.0130E-002,1546.98,3.0130E-002,1546.98,3.0130E-002,1546.98,3.0130E-002,1546.98,3.0130E-002
1547.05,-1.524183587,2.9910E-002,1547.05,2.9910E-002,1547.05,2.9910E-002,1547.05,2.9910E-002,1547.05,2.9910E-002
1547.12,-1.52651303,2.9750E-002,1547.12,2.9750E-002,1547.12,2.9750E-002,1547.12,2.9750E-002,1547.12,2.9750E-002
1547.19,-1.529736553,2.9530E-002,1547.19,2.9530E-002,1547.19,2.9530E-002,1547.19,2.9530E-002,1547.19,2.9530E-002
1547.26,-1.53253989,2.9340E-002,1547.26,2.9340E-002,1547.26,2.9340E-002,1547.26,2.9340E-002,1547.26,2.9340E-002
1547.33,-1.535659515,2.9130E-002,1547.33,2.9130E-002,1547.33,2.9130E-002,1547.33,2.9130E-002,1547.33,2.9130E-002
1547.4,-1.538201442,2.8960E-002,1547.4,2.8960E-002,1547.4,2.8960E-002,1547.4,2.8960E-002,1547.4,2.8960E-002
1547.47,-1.54090921,2.8780E-002,1547.47,2.8780E-002,1547.47,2.8780E-002,1547.47,2.8780E-002,1547.47,2.8780E-002
1547.54,-1.543785845,2.8590E-002,1547.54,2.8590E-002,1547.54,2.8590E-002,1547.54,2.8590E-002,1547.54,2.8590E-002
1547.61,-1.547293773,2.8360E-002,1547.61,2.8360E-002,1547.61,2.8360E-002,1547.61,2.8360E-002,1547.61,2.8360E-002
1547.68,-1.550213153,2.8170E-002,1547.68,2.8170E-002,1547.68,2.8170E-002,1547.68,2.8170E-002,1547.68,2.8170E-002
1547.75,-1.552841969,2.8000E-002,1547.75,2.8000E-002,1547.75,2.8000E-002,1547.75,2.8000E-002,1547.75,2.8000E-002
1547.82,-1.555642874,2.7820E-002,1547.82,2.7820E-002,1547.82,2.7820E-002,1547.82,2.7820E-002,1547.82,2.7820E-002
1547.89,-1.558933593,2.7610E-002,1547.89,2.7610E-002,1547.89,2.7610E-002,1547.89,2.7610E-002,1547.89,2.7610E-002
1547.96,-1.562090964,2.7410E-002,1547.96,2.7410E-002,1547.96,2.7410E-002,1547.96,2.7410E-002,1547.96,2.7410E-002
1548.03,-1.565431096,2.7200E-002,1548.03,2.7200E-002,1548.03,2.7200E-002,1548.03,2.7200E-002,1548.03,2.7200E-002
1548.1,-1.568636236,2.7000E-002,1548.1,2.7000E-002,1548.1,2.7000E-002,1548.1,2.7000E-002,1548.1,2.7000E-002
1548.17,-1.570893992,2.6860E-002,1548.17,2.6860E-002,1548.17,2.6860E-002,1548.17,2.6860E-002,1548.17,2.6860E-002
1548.24,-1.573814175,2.6680E-002,1548.24,2.6680E-002,1548.24,2.6680E-002,1548.24,2.6680E-002,1548.24,2.6680E-002
1548.31,-1.576918042,2.6490E-002,1548.31,2.6490E-002,1548.31,2.6490E-002,1548.31,2.6490E-002,1548.31,2.6490E-002
1548.38,-1.579549141,2.6330E-002,1548.38,2.6330E-002,1548.38,2.6330E-002,1548.38,2.6330E-002,1548.38,2.6330E-002
1548.45,-1.58236226,2.6160E-002,1548.45,2.6160E-002,1548.45,2.6160E-002,1548.45,2.6160E-002,1548.45,2.6160E-002
1548.52,-1.585026652,2.6000E-002,1548.52,2.6000E-002,1548.52,2.6000E-002,1548.52,2.6000E-002,1548.52,2.6000E-002
1548.59,-1.587539453,2.5850E-002,1548.59,2.5850E-002,1548.59,2.5850E-002,1548.59,2.5850E-002,1548.59,2.5850E-002
1548.66,-1.590404981,2.5680E-002,1548.66,2.5680E-002,1548.66,2.5680E-002,1548.66,2.5680E-002,1548.66,2.5680E-002
1548.73,-1.593289541,2.5510E-002,1548.73,2.5510E-002,1548.73,2.5510E-002,1548.73,2.5510E-002,1548.73,2.5510E-002
1548.8,-1.595337299,2.5390E-002,1548.8,2.5390E-002,1548.8,2.5390E-002,1548.8,2.5390E-002,1548.8,2.5390E-002
1548.87,-1.598254918,2.5220E-002,1548.87,2.5220E-002,1548.87,2.5220E-002,1548.87,2.5220E-002,1548.87,2.5220E-002
1548.94,-1.600153287,2.5110E-002,1548.94,2.5110E-002,1548.94,2.5110E-002,1548.94,2.5110E-002,1548.94,2.5110E-002
1549.01,-1.602755419,2.4960E-002,1549.01,2.4960E-002,1549.01,2.4960E-002,1549.01,2.4960E-002,1549.01,2.4960E-002
1549.08,-1.605373236,2.4810E-002,1549.08,2.4810E-002,1549.08,2.4810E-002,1549.08,2.4810E-002,1549.08,2.4810E-002
1549.15,-1.608006928,2.4660E-002,1549.15,2.4660E-002,1549.15,2.4660E-002,1549.15,2.4660E-002,1549.15,2.4660E-002
1549.22,-1.609948504,2.4550E-002,1549.22,2.4550E-002,1549.22,2.4550E-002,1549.22,2.4550E-002,1549.22,2.4550E-002
1549.29,-1.612966299,2.4380E-002,1549.29,2.4380E-002,1549.29,2.4380E-002,1549.29,2.4380E-002,1549.29,2.4380E-002
1549.36,-1.615646586,2.4230E-002,1549.36,2.4230E-002,1549.36,2.4230E-002,1549.36,2.4230E-002,1549.36,2.4230E-002
1549.43,-1.618343517,2.4080E-002,1549.43,2.4080E-002,1549.43,2.4080E-002,1549.43,2.4080E-002,1549.43,2.4080E-002
1549.5,-1.621057301,2.3930E-002,1549.5,2.3930E-002,1549.5,2.3930E-002,1549.5,2.3930E-002,1549.5,2.3930E-002
1549.57,-1.622875958,2.3830E-002,1549.57,2.3830E-002,1549.57,2.3830E-002,1549.57,2.3830E-002,1549.57,2.3830E-002
1549.64,-1.625434939,2.3690E-002,1549.64,2.3690E-002,1549.64,2.3690E-002,1549.64,2.3690E-002,1549.64,2.3690E-002
1549.71,-1.627640417,2.3570E-002,1549.71,2.3570E-002,1549.71,2.3570E-002,1549.71,2.3570E-002,1549.71,2.3570E-002
1549.78,-1.62948691,2.3470E-002,1549.78,2.3470E-002,1549.78,2.3470E-002,1549.78,2.3470E-002,1549.78,2.3470E-002
1549.85,-1.631527162,2.3360E-002,1549.85,2.3360E-002,1549.85,2.3360E-002,1549.85,2.3360E-002,1549.85,2.3360E-002
1549.92,-1.634699251,2.3190E-002,1549.92,2.3190E-002,1549.92,2.3190E-002,1549.92,2.3190E-002,1549.92,2.3190E-002
1549.99,-1.637517525,2.3040E-002,1549.99,2.3040E-002,1549.99,2.3040E-002,1549.99,2.3040E-002,1549.99,2.3040E-002
1550.06,-1.64054398,2.2880E-002,1550.06,2.2880E-002,1550.06,2.2880E-002,1550.06,2.2880E-002,1550.06,2.2880E-002
1550.13,-1.642636969,2.2770E-002,1550.13,2.2770E-002,1550.13,2.2770E-002,1550.13,2.2770E-002,1550.13,2.2770E-002
1550.2,-1.645315446,2.2630E-002,1550.2,2.2630E-002,1550.2,2.2630E-002,1550.2,2.2630E-002,1550.2,2.2630E-002
1550.27,-1.646468441,2.2570E-002,1550.27,2.2570E-002,1550.27,2.2570E-002,1550.27,2.2570E-002,1550.27,2.2570E-002
1550.34,-1.648783655,2.2450E-002,1550.34,2.2450E-002,1550.34,2.2450E-002,1550.34,2.2450E-002,1550.34,2.2450E-002
1550.41,-1.650722473,2.2350E-002,1550.41,2.2350E-002,1550.41,2.2350E-002,1550.41,2.2350E-002,1550.41,2.2350E-002
1550.48,-1.653255945,2.2220E-002,1550.48,2.2220E-002,1550.48,2.2220E-002,1550.48,2.2220E-002,1550.48,2.2220E-002
1550.55,-1.656197667,2.2070E-002,1550.55,2.2070E-002,1550.55,2.2070E-002,1550.55,2.2070E-002,1550.55,2.2070E-002
1550.62,-1.65915945,2.1920E-002,1550.62,2.1920E-002,1550.62,2.1920E-002,1550.62,2.1920E-002,1550.62,2.1920E-002
1550.69,-1.660946264,2.1830E-002,1550.69,2.1830E-002,1550.69,2.1830E-002,1550.69,2.1830E-002,1550.69,2.1830E-002
1550.76,-1.663540266,2.1700E-002,1550.76,2.1700E-002,1550.76,2.1700E-002,1550.76,2.1700E-002,1550.76,2.1700E-002
1550.83,-1.664742744,2.1640E-002,1550.83,2.1640E-002,1550.83,2.1640E-002,1550.83,2.1640E-002,1550.83,2.1640E-002
1550.9,-1.666351243,2.1560E-002,1550.9,2.1560E-002,1550.9,2.1560E-002,1550.9,2.1560E-002,1550.9,2.1560E-002
1550.97,-1.667763585,2.1490E-002,1550.97,2.1490E-002,1550.97,2.1490E-002,1550.97,2.1490E-002,1550.97,2.1490E-002
1551.04,-1.670602121,2.1350E-002,1551.04,2.1350E-002,1551.04,2.1350E-002,1551.04,2.1350E-002,1551.04,2.1350E-002
1551.11,-1.673664139,2.1200E-002,1551.11,2.1200E-002,1551.11,2.1200E-002,1551.11,2.1200E-002,1551.11,2.1200E-002
1551.18,-1.676335464,2.1070E-002,1551.18,2.1070E-002,1551.18,2.1070E-002,1551.18,2.1070E-002,1551.18,2.1070E-002
1551.25,-1.678194516,2.0980E-002,1551.25,2.0980E-002,1551.25,2.0980E-002,1551.25,2.0980E-002,1551.25,2.0980E-002
1551.32,-1.679645967,2.0910E-002,1551.32,2.0910E-002,1551.32,2.0910E-002,1551.32,2.0910E-002,1551.32,2.0910E-002
1551.39,-1.68131073,2.0830E-002,1551.39,2.0830E-002,1551.39,2.0830E-002,1551.39,2.0830E-002,1551.39,2.0830E-002
1551.46,-1.682772651,2.0760E-002,1551.46,2.0760E-002,1551.46,2.0760E-002,1551.46,2.0760E-002,1551.46,2.0760E-002
1551.53,-1.684869683,2.0660E-002,1551.53,2.0660E-002,1551.53,2.0660E-002,1551.53,2.0660E-002,1551.53,2.0660E-002
1551.6,-1.687611051,2.0530E-002,1551.6,2.0530E-002,1551.6,2.0530E-002,1551.6,2.0530E-002,1551.6,2.0530E-002
1551.67,-1.689519109,2.0440E-002,1551.67,2.0440E-002,1551.67,2.0440E-002,1551.67,2.0440E-002,1551.67,2.0440E-002
1551.74,-1.691649051,2.0340E-002,1551.74,2.0340E-002,1551.74,2.0340E-002,1551.74,2.0340E-002,1551.74,2.0340E-002
1551.81,-1.692717953,2.0290E-002,1551.81,2.0290E-002,1551.81,2.0290E-002,1551.81,2.0290E-002,1551.81,2.0290E-002
1551.88,-1.696156225,2.0130E-002,1551.88,2.0130E-002,1551.88,2.0130E-002,1551.88,2.0130E-002,1551.88,2.0130E-002
1551.95,-1.698535927,2.0020E-002,1551.95,2.0020E-002,1551.95,2.0020E-002,1551.95,2.0020E-002,1551.95,2.0020E-002
1552.02,-1.699621935,1.9970E-002,1552.02,1.9970E-002,1552.02,1.9970E-002,1552.02,1.9970E-002,1552.02,1.9970E-002
1552.09,-1.700492701,1.9930E-002,1552.09,1.9930E-002,1552.09,1.9930E-002,1552.09,1.9930E-002,1552.09,1.9930E-002
1552.16,-1.702020756,1.9860E-002,1552.16,1.9860E-002,1552.16,1.9860E-002,1552.16,1.9860E-002,1552.16,1.9860E-002
1552.23,-1.7044329,1.9750E-002,1552.23,1.9750E-002,1552.23,1.9750E-002,1552.23,1.9750E-002,1552.23,1.9750E-002
1552.3,-1.707522406,1.9610E-002,1552.3,1.9610E-002,1552.3,1.9610E-002,1552.3,1.9610E-002,1552.3,1.9610E-002
1552.37,-1.708853238,1.9550E-002,1552.37,1.9550E-002,1552.37,1.9550E-002,1552.37,1.9550E-002,1552.37,1.9550E-002
1552.44,-1.708853238,1.9550E-002,1552.44,1.9550E-002,1552.44,1.9550E-002,1552.44,1.9550E-002,1552.44,1.9550E-002
1552.51,-1.710188161,1.9490E-002,1552.51,1.9490E-002,1552.51,1.9490E-002,1552.51,1.9490E-002,1552.51,1.9490E-002
1552.58,-1.713094647,1.9360E-002,1552.58,1.9360E-002,1552.58,1.9360E-002,1552.58,1.9360E-002,1552.58,1.9360E-002
1552.65,-1.714442691,1.9300E-002,1552.65,1.9300E-002,1552.65,1.9300E-002,1552.65,1.9300E-002,1552.65,1.9300E-002
1552.72,-1.716246617,1.9220E-002,1552.72,1.9220E-002,1552.72,1.9220E-002,1552.72,1.9220E-002,1552.72,1.9220E-002
1552.79,-1.718512112,1.9120E-002,1552.79,1.9120E-002,1552.79,1.9120E-002,1552.79,1.9120E-002,1552.79,1.9120E-002
1552.86,-1.718739313,1.9110E-002,1552.86,1.9110E-002,1552.86,1.9110E-002,1552.86,1.9110E-002,1552.86,1.9110E-002
1552.93,-1.72010502,1.9050E-002,1552.93,1.9050E-002,1552.93,1.9050E-002,1552.93,1.9050E-002,1552.93,1.9050E-002
1553,-1.722620025,1.8940E-002,1553,1.8940E-002,1553,1.8940E-002,1553,1.8940E-002,1553,1.8940E-002
1553.07,-1.72399801,1.8880E-002,1553.07,1.8880E-002,1553.07,1.8880E-002,1553.07,1.8880E-002,1553.07,1.8880E-002
1553.14,-1.72514968,1.8830E-002,1553.14,1.8830E-002,1553.14,1.8830E-002,1553.14,1.8830E-002,1553.14,1.8830E-002
1553.21,-1.7242281,1.8870E-002,1553.21,1.8870E-002,1553.21,1.8870E-002,1553.21,1.8870E-002,1553.21,1.8870E-002
1553.28,-1.725380381,1.8820E-002,1553.28,1.8820E-002,1553.28,1.8820E-002,1553.28,1.8820E-002,1553.28,1.8820E-002
1553.35,-1.726767166,1.8760E-002,1553.35,1.8760E-002,1553.35,1.8760E-002,1553.35,1.8760E-002,1553.35,1.8760E-002
1553.42,-1.726767166,1.8760E-002,1553.42,1.8760E-002,1553.42,1.8760E-002,1553.42,1.8760E-002,1553.42,1.8760E-002
1553.49,-1.726304412,1.8780E-002,1553.49,1.8780E-002,1553.49,1.8780E-002,1553.49,1.8780E-002,1553.49,1.8780E-002
1553.56,-1.727462223,1.8730E-002,1553.56,1.8730E-002,1553.56,1.8730E-002,1553.56,1.8730E-002,1553.56,1.8730E-002
1553.63,-1.728855682,1.8670E-002,1553.63,1.8670E-002,1553.63,1.8670E-002,1553.63,1.8670E-002,1553.63,1.8670E-002
1553.7,-1.728390699,1.8690E-002,1553.7,1.8690E-002,1553.7,1.8690E-002,1553.7,1.8690E-002,1553.7,1.8690E-002
1553.77,-1.729554092,1.8640E-002,1553.77,1.8640E-002,1553.77,1.8640E-002,1553.77,1.8640E-002,1553.77,1.8640E-002
1553.84,-1.729554092,1.8640E-002,1553.84,1.8640E-002,1553.84,1.8640E-002,1553.84,1.8640E-002,1553.84,1.8640E-002
1553.91,-1.730253627,1.8610E-002,1553.91,1.8610E-002,1553.91,1.8610E-002,1553.91,1.8610E-002,1553.91,1.8610E-002
1553.98,-1.730487056,1.8600E-002,1553.98,1.8600E-002,1553.98,1.8600E-002,1553.98,1.8600E-002,1553.98,1.8600E-002
1554.05,-1.731188096,1.8570E-002,1554.05,1.8570E-002,1554.05,1.8570E-002,1554.05,1.8570E-002,1554.05,1.8570E-002
1554.12,-1.732828272,1.8500E-002,1554.12,1.8500E-002,1554.12,1.8500E-002,1554.12,1.8500E-002,1554.12,1.8500E-002
1554.19,-1.734710374,1.8420E-002,1554.19,1.8420E-002,1554.19,1.8420E-002,1554.19,1.8420E-002,1554.19,1.8420E-002
1554.26,-1.736363931,1.8350E-002,1554.26,1.8350E-002,1554.26,1.8350E-002,1554.26,1.8350E-002,1554.26,1.8350E-002
1554.33,-1.737786295,1.8290E-002,1554.33,1.8290E-002,1554.33,1.8290E-002,1554.33,1.8290E-002,1554.33,1.8290E-002
1554.4,-1.748848657,1.7830E-002,1554.4,1.7830E-002,1554.4,1.7830E-002,1554.4,1.7830E-002,1554.4,1.7830E-002
1554.47,-1.779107751,1.6630E-002,1554.47,1.6630E-002,1554.47,1.6630E-002,1554.47,1.6630E-002,1554.47,1.6630E-002
1554.54,-1.813326133,1.5370E-002,1554.54,1.5370E-002,1554.54,1.5370E-002,1554.54,1.5370E-002,1554.54,1.5370E-002
1554.61,-1.846490011,1.4240E-002,1554.61,1.4240E-002,1554.61,1.4240E-002,1554.61,1.4240E-002,1554.61,1.4240E-002
1554.68,-1.855114582,1.3960E-002,1554.68,1.3960E-002,1554.68,1.3960E-002,1554.68,1.3960E-002,1554.68,1.3960E-002
1554.75,-1.857297754,1.3890E-002,1554.75,1.3890E-002,1554.75,1.3890E-002,1554.75,1.3890E-002,1554.75,1.3890E-002
1554.82,-1.858550227,1.3850E-002,1554.82,1.3850E-002,1554.82,1.3850E-002,1554.82,1.3850E-002,1554.82,1.3850E-002
1554.89,-1.860120914,1.3800E-002,1554.89,1.3800E-002,1554.89,1.3800E-002,1554.89,1.3800E-002,1554.89,1.3800E-002
1554.96,-1.861697302,1.3750E-002,1554.96,1.3750E-002,1554.96,1.3750E-002,1554.96,1.3750E-002,1554.96,1.3750E-002
1555.03,-1.862329463,1.3730E-002,1555.03,1.3730E-002,1555.03,1.3730E-002,1555.03,1.3730E-002,1555.03,1.3730E-002
1555.1,-1.864549301,1.3660E-002,1555.1,1.3660E-002,1555.1,1.3660E-002,1555.1,1.3660E-002,1555.1,1.3660E-002
1555.17,-1.866141875,1.3610E-002,1555.17,1.3610E-002,1555.17,1.3610E-002,1555.17,1.3610E-002,1555.17,1.3610E-002
1555.24,-1.867420152,1.3570E-002,1555.24,1.3570E-002,1555.24,1.3570E-002,1555.24,1.3570E-002,1555.24,1.3570E-002
1555.31,-1.864549301,1.3660E-002,1555.31,1.3660E-002,1555.31,1.3660E-002,1555.31,1.3660E-002,1555.31,1.3660E-002
1555.38,-1.835944708,1.4590E-002,1555.38,1.4590E-002,1555.38,1.4590E-002,1555.38,1.4590E-002,1555.38,1.4590E-002
1555.45,-1.801342913,1.5800E-002,1555.45,1.5800E-002,1555.45,1.5800E-002,1555.45,1.5800E-002,1555.45,1.5800E-002
1555.52,-1.772113295,1.6900E-002,1555.52,1.6900E-002,1555.52,1.6900E-002,1555.52,1.6900E-002,1555.52,1.6900E-002
1555.59,-1.759450752,1.7400E-002,1555.59,1.7400E-002,1555.59,1.7400E-002,1555.59,1.7400E-002,1555.59,1.7400E-002
1555.66,-1.761201437,1.7330E-002,1555.66,1.7330E-002,1555.66,1.7330E-002,1555.66,1.7330E-002,1555.66,1.7330E-002
1555.73,-1.761702932,1.7310E-002,1555.73,1.7310E-002,1555.73,1.7310E-002,1555.73,1.7310E-002,1555.73,1.7310E-002
1555.8,-1.762959209,1.7260E-002,1555.8,1.7260E-002,1555.8,1.7260E-002,1555.8,1.7260E-002,1555.8,1.7260E-002
1555.87,-1.76421913,1.7210E-002,1555.87,1.7210E-002,1555.87,1.7210E-002,1555.87,1.7210E-002,1555.87,1.7210E-002
1555.94,-1.766242637,1.7130E-002,1555.94,1.7130E-002,1555.94,1.7130E-002,1555.94,1.7130E-002,1555.94,1.7130E-002
1556.01,-1.767257937,1.7090E-002,1556.01,1.7090E-002,1556.01,1.7090E-002,1556.01,1.7090E-002,1556.01,1.7090E-002
1556.08,-1.76853041,1.7040E-002,1556.08,1.7040E-002,1556.08,1.7040E-002,1556.08,1.7040E-002,1556.08,1.7040E-002
1556.15,-1.771086594,1.6940E-002,1556.15,1.6940E-002,1556.15,1.6940E-002,1556.15,1.6940E-002,1556.15,1.6940E-002
1556.22,-1.772884917,1.6870E-002,1556.22,1.6870E-002,1556.22,1.6870E-002,1556.22,1.6870E-002,1556.22,1.6870E-002
1556.29,-1.775208044,1.6780E-002,1556.29,1.6780E-002,1556.29,1.6780E-002,1556.29,1.6780E-002,1556.29,1.6780E-002
1556.36,-1.776244546,1.6740E-002,1556.36,1.6740E-002,1556.36,1.6740E-002,1556.36,1.6740E-002,1556.36,1.6740E-002
1556.43,-1.777803954,1.6680E-002,1556.43,1.6680E-002,1556.43,1.6680E-002,1556.43,1.6680E-002,1556.43,1.6680E-002
1556.5,-1.779891912,1.6600E-002,1556.5,1.6600E-002,1556.5,1.6600E-002,1556.5,1.6600E-002,1556.5,1.6600E-002
1556.57,-1.781989957,1.6520E-002,1556.57,1.6520E-002,1556.57,1.6520E-002,1556.57,1.6520E-002,1556.57,1.6520E-002
1556.64,-1.784362437,1.6430E-002,1556.64,1.6430E-002,1556.64,1.6430E-002,1556.64,1.6430E-002,1556.64,1.6430E-002
1556.71,-1.785951321,1.6370E-002,1556.71,1.6370E-002,1556.71,1.6370E-002,1556.71,1.6370E-002,1556.71,1.6370E-002
1556.78,-1.788612447,1.6270E-002,1556.78,1.6270E-002,1556.78,1.6270E-002,1556.78,1.6270E-002,1556.78,1.6270E-002
1556.85,-1.790753151,1.6190E-002,1556.85,1.6190E-002,1556.85,1.6190E-002,1556.85,1.6190E-002,1556.85,1.6190E-002
1556.92,-1.792634963,1.6120E-002,1556.92,1.6120E-002,1556.92,1.6120E-002,1556.92,1.6120E-002,1556.92,1.6120E-002
1556.99,-1.795608668,1.6010E-002,1556.99,1.6010E-002,1556.99,1.6010E-002,1556.99,1.6010E-002,1556.99,1.6010E-002
1557.06,-1.797784224,1.5930E-002,1557.06,1.5930E-002,1557.06,1.5930E-002,1557.06,1.5930E-002,1557.06,1.5930E-002
1557.13,-1.799423073,1.5870E-002,1557.13,1.5870E-002,1557.13,1.5870E-002,1557.13,1.5870E-002,1557.13,1.5870E-002
1557.2,-1.801893001,1.5780E-002,1557.2,1.5780E-002,1557.2,1.5780E-002,1557.2,1.5780E-002,1557.2,1.5780E-002
1557.27,-1.805208242,1.5660E-002,1557.27,1.5660E-002,1557.27,1.5660E-002,1557.27,1.5660E-002,1557.27,1.5660E-002
1557.34,-1.807153885,1.5590E-002,1557.34,1.5590E-002,1557.34,1.5590E-002,1557.34,1.5590E-002,1557.34,1.5590E-002
1557.41,-1.809668302,1.5500E-002,1557.41,1.5500E-002,1557.41,1.5500E-002,1557.41,1.5500E-002,1557.41,1.5500E-002
1557.48,-1.813326133,1.5370E-002,1557.48,1.5370E-002,1557.48,1.5370E-002,1557.48,1.5370E-002,1557.48,1.5370E-002
1557.55,-1.815308569,1.5300E-002,1557.55,1.5300E-002,1557.55,1.5300E-002,1557.55,1.5300E-002,1557.55,1.5300E-002
1557.62,-1.818156412,1.5200E-002,1557.62,1.5200E-002,1557.62,1.5200E-002,1557.62,1.5200E-002,1557.62,1.5200E-002
1557.69,-1.820735536,1.5110E-002,1557.69,1.5110E-002,1557.69,1.5110E-002,1557.69,1.5110E-002,1557.69,1.5110E-002
1557.76,-1.823908741,1.5000E-002,1557.76,1.5000E-002,1557.76,1.5000E-002,1557.76,1.5000E-002,1557.76,1.5000E-002
1557.83,-1.827689031,1.4870E-002,1557.83,1.4870E-002,1557.83,1.4870E-002,1557.83,1.4870E-002,1557.83,1.4870E-002
1557.9,-1.830913643,1.4760E-002,1557.9,1.4760E-002,1557.9,1.4760E-002,1557.9,1.4760E-002,1557.9,1.4760E-002
1557.97,-1.832978204,1.4690E-002,1557.97,1.4690E-002,1557.97,1.4690E-002,1557.97,1.4690E-002,1557.97,1.4690E-002
1558.04,-1.836838625,1.4560E-002,1558.04,1.4560E-002,1558.04,1.4560E-002,1558.04,1.4560E-002,1558.04,1.4560E-002
1558.11,-1.839831707,1.4460E-002,1558.11,1.4460E-002,1558.11,1.4460E-002,1558.11,1.4460E-002,1558.11,1.4460E-002
1558.18,-1.842241114,1.4380E-002,1558.18,1.4380E-002,1558.18,1.4380E-002,1558.18,1.4380E-002,1558.18,1.4380E-002
1558.25,-1.846490011,1.4240E-002,1558.25,1.4240E-002,1558.25,1.4240E-002,1558.25,1.4240E-002,1558.25,1.4240E-002
1558.32,-1.84924356,1.4150E-002,1558.32,1.4150E-002,1558.32,1.4150E-002,1558.32,1.4150E-002,1558.32,1.4150E-002
1558.39,-1.853561865,1.4010E-002,1558.39,1.4010E-002,1558.39,1.4010E-002,1558.39,1.4010E-002,1558.39,1.4010E-002
1558.46,-1.85667287,1.3910E-002,1558.46,1.3910E-002,1558.46,1.3910E-002,1558.46,1.3910E-002,1558.46,1.3910E-002
1558.53,-1.859806321,1.3810E-002,1558.53,1.3810E-002,1558.53,1.3810E-002,1558.53,1.3810E-002,1558.53,1.3810E-002
1558.6,-1.864231485,1.3670E-002,1558.6,1.3670E-002,1558.6,1.3670E-002,1558.6,1.3670E-002,1558.6,1.3670E-002
1558.67,-1.868060705,1.3550E-002,1558.67,1.3550E-002,1558.67,1.3550E-002,1558.67,1.3550E-002,1558.67,1.3550E-002
1558.74,-1.87095494,1.3460E-002,1558.74,1.3460E-002,1558.74,1.3460E-002,1558.74,1.3460E-002,1558.74,1.3460E-002
1558.81,-1.875495775,1.3320E-002,1558.81,1.3320E-002,1558.81,1.3320E-002,1558.81,1.3320E-002,1558.81,1.3320E-002
1558.88,-1.88008459,1.3180E-002,1558.88,1.3180E-002,1558.88,1.3180E-002,1558.88,1.3180E-002,1558.88,1.3180E-002
1558.95,-1.882728704,1.3100E-002,1558.95,1.3100E-002,1558.95,1.3100E-002,1558.95,1.3100E-002,1558.95,1.3100E-002
1559.02,-1.887394998,1.2960E-002,1559.02,1.2960E-002,1559.02,1.2960E-002,1559.02,1.2960E-002,1559.02,1.2960E-002
1559.09,-1.890759031,1.2860E-002,1559.09,1.2860E-002,1559.09,1.2860E-002,1559.09,1.2860E-002,1559.09,1.2860E-002
1559.16,-1.895854449,1.2710E-002,1559.16,1.2710E-002,1559.16,1.2710E-002,1559.16,1.2710E-002,1559.16,1.2710E-002
1559.23,-1.900319359,1.2580E-002,1559.23,1.2580E-002,1559.23,1.2580E-002,1559.23,1.2580E-002,1559.23,1.2580E-002
1559.3,-1.904133547,1.2470E-002,1559.3,1.2470E-002,1559.3,1.2470E-002,1559.3,1.2470E-002,1559.3,1.2470E-002
1559.37,-1.908333042,1.2350E-002,1559.37,1.2350E-002,1559.37,1.2350E-002,1559.37,1.2350E-002,1559.37,1.2350E-002
1559.44,-1.912218582,1.2240E-002,1559.44,1.2240E-002,1559.44,1.2240E-002,1559.44,1.2240E-002,1559.44,1.2240E-002
1559.51,-1.91649738,1.2120E-002,1559.51,1.2120E-002,1559.51,1.2120E-002,1559.51,1.2120E-002,1559.51,1.2120E-002
1559.58,-1.921180817,1.1990E-002,1559.58,1.1990E-002,1559.58,1.1990E-002,1559.58,1.1990E-002,1559.58,1.1990E-002
1559.65,-1.926648298,1.1840E-002,1559.65,1.1840E-002,1559.65,1.1840E-002,1559.65,1.1840E-002,1559.65,1.1840E-002
1559.72,-1.931072388,1.1720E-002,1559.72,1.1720E-002,1559.72,1.1720E-002,1559.72,1.1720E-002,1559.72,1.1720E-002
1559.79,-1.93516778,1.1610E-002,1559.79,1.1610E-002,1559.79,1.1610E-002,1559.79,1.1610E-002,1559.79,1.1610E-002
1559.86,-1.93930216,1.1500E-002,1559.86,1.1500E-002,1559.86,1.1500E-002,1559.86,1.1500E-002,1559.86,1.1500E-002
1559.93,-1.944239535,1.1370E-002,1559.93,1.1370E-002,1559.93,1.1370E-002,1559.93,1.1370E-002,1559.93,1.1370E-002
1560,-1.950007143,1.1220E-002,1560,1.1220E-002,1560,1.1220E-002,1560,1.1220E-002,1560,1.1220E-002
1560.07,-1.953895213,1.1120E-002,1560.07,1.1120E-002,1560.07,1.1120E-002,1560.07,1.1120E-002,1560.07,1.1120E-002
1560.14,-1.958607315,1.1000E-002,1560.14,1.1000E-002,1560.14,1.1000E-002,1560.14,1.1000E-002,1560.14,1.1000E-002
1560.21,-1.964570262,1.0850E-002,1560.21,1.0850E-002,1560.21,1.0850E-002,1560.21,1.0850E-002,1560.21,1.0850E-002
1560.28,-1.968995719,1.0740E-002,1560.28,1.0740E-002,1560.28,1.0740E-002,1560.28,1.0740E-002,1560.28,1.0740E-002
1560.35,-1.973875483,1.0620E-002,1560.35,1.0620E-002,1560.35,1.0620E-002,1560.35,1.0620E-002,1560.35,1.0620E-002
1560.42,-1.979224512,1.0490E-002,1560.42,1.0490E-002,1560.42,1.0490E-002,1560.42,1.0490E-002,1560.42,1.0490E-002
1560.49,-1.985479461,1.0340E-002,1560.49,1.0340E-002,1560.49,1.0340E-002,1560.49,1.0340E-002,1560.49,1.0340E-002
1560.56,-1.989700043,1.0240E-002,1560.56,1.0240E-002,1560.56,1.0240E-002,1560.56,1.0240E-002,1560.56,1.0240E-002
1560.63,-1.994819487,1.0120E-002,1560.63,1.0120E-002,1560.63,1.0120E-002,1560.63,1.0120E-002,1560.63,1.0120E-002
1560.7,-1.999565923,1.0010E-002,1560.7,1.0010E-002,1560.7,1.0010E-002,1560.7,1.0010E-002,1560.7,1.0010E-002
1560.77,-2.004979394,9.8860E-003,1560.77,9.8860E-003,1560.77,9.8860E-003,1560.77,9.8860E-003,1560.77,9.8860E-003
1560.84,-2.009749967,9.7780E-003,1560.84,9.7780E-003,1560.84,9.7780E-003,1560.84,9.7780E-003,1560.84,9.7780E-003
1560.91,-2.015742798,9.6440E-003,1560.91,9.6440E-003,1560.91,9.6440E-003,1560.91,9.6440E-003,1560.91,9.6440E-003
1560.98,-2.020542682,9.5380E-003,1560.98,9.5380E-003,1560.98,9.5380E-003,1560.98,9.5380E-003,1560.98,9.5380E-003
1561.05,-2.027103216,9.3950E-003,1561.05,9.3950E-003,1561.05,9.3950E-003,1561.05,9.3950E-003,1561.05,9.3950E-003
1561.12,-2.032498825,9.2790E-003,1561.12,9.2790E-003,1561.12,9.2790E-003,1561.12,9.2790E-003,1561.12,9.2790E-003
1561.19,-2.037962313,9.1630E-003,1561.19,9.1630E-003,1561.19,9.1630E-003,1561.19,9.1630E-003,1561.19,9.1630E-003
1561.26,-2.043879614,9.0390E-003,1561.26,9.0390E-003,1561.26,9.0390E-003,1561.26,9.0390E-003,1561.26,9.0390E-003
1561.33,-2.049489107,8.9230E-003,1561.33,8.9230E-003,1561.33,8.9230E-003,1561.33,8.9230E-003,1561.33,8.9230E-003
1561.4,-2.055172004,8.8070E-003,1561.4,8.8070E-003,1561.4,8.8070E-003,1561.4,8.8070E-003,1561.4,8.8070E-003
1561.47,-2.060231225,8.7050E-003,1561.47,8.7050E-003,1561.47,8.7050E-003,1561.47,8.7050E-003,1561.47,8.7050E-003
1561.54,-2.066209116,8.5860E-003,1561.54,8.5860E-003,1561.54,8.5860E-003,1561.54,8.5860E-003,1561.54,8.5860E-003
1561.61,-2.072321736,8.4660E-003,1561.61,8.4660E-003,1561.61,8.4660E-003,1561.61,8.4660E-003,1561.61,8.4660E-003
1561.68,-2.078313525,8.3500E-003,1561.68,8.3500E-003,1561.68,8.3500E-003,1561.68,8.3500E-003,1561.68,8.3500E-003
1561.75,-2.084178212,8.2380E-003,1561.75,8.2380E-003,1561.75,8.2380E-003,1561.75,8.2380E-003,1561.75,8.2380E-003
1561.82,-2.090016305,8.1280E-003,1561.82,8.1280E-003,1561.82,8.1280E-003,1561.82,8.1280E-003,1561.82,8.1280E-003
1561.89,-2.096150662,8.0140E-003,1561.89,8.0140E-003,1561.89,8.0140E-003,1561.89,8.0140E-003,1561.89,8.0140E-003
1561.96,-2.102153068,7.9040E-003,1561.96,7.9040E-003,1561.96,7.9040E-003,1561.96,7.9040E-003,1561.96,7.9040E-003
1562.03,-2.108351056,7.7920E-003,1562.03,7.7920E-003,1562.03,7.7920E-003,1562.03,7.7920E-003,1562.03,7.7920E-003
1562.1,-2.11429962,7.6860E-003,1562.1,7.6860E-003,1562.1,7.6860E-003,1562.1,7.6860E-003,1562.1,7.6860E-003
1562.17,-2.120330794,7.5800E-003,1562.17,7.5800E-003,1562.17,7.5800E-003,1562.17,7.5800E-003,1562.17,7.5800E-003
1562.24,-2.126388803,7.4750E-003,1562.24,7.4750E-003,1562.24,7.4750E-003,1562.24,7.4750E-003,1562.24,7.4750E-003
1562.31,-2.132827249,7.3650E-003,1562.31,7.3650E-003,1562.31,7.3650E-003,1562.31,7.3650E-003,1562.31,7.3650E-003
1562.38,-2.139183036,7.2580E-003,1562.38,7.2580E-003,1562.38,7.2580E-003,1562.38,7.2580E-003,1562.38,7.2580E-003
1562.45,-2.145147638,7.1590E-003,1562.45,7.1590E-003,1562.45,7.1590E-003,1562.45,7.1590E-003,1562.45,7.1590E-003
1562.52,-2.151072287,7.0620E-003,1562.52,7.0620E-003,1562.52,7.0620E-003,1562.52,7.0620E-003,1562.52,7.0620E-003
1562.59,-2.157952711,6.9510E-003,1562.59,6.9510E-003,1562.59,6.9510E-003,1562.59,6.9510E-003,1562.59,6.9510E-003
1562.66,-2.164436248,6.8480E-003,1562.66,6.8480E-003,1562.66,6.8480E-003,1562.66,6.8480E-003,1562.66,6.8480E-003
1562.73,-2.170181813,6.7580E-003,1562.73,6.7580E-003,1562.73,6.7580E-003,1562.73,6.7580E-003,1562.73,6.7580E-003
1562.8,-2.177047759,6.6520E-003,1562.8,6.6520E-003,1562.8,6.6520E-003,1562.8,6.6520E-003,1562.8,6.6520E-003
1562.87,-2.183294816,6.5570E-003,1562.87,6.5570E-003,1562.87,6.5570E-003,1562.87,6.5570E-003,1562.87,6.5570E-003
1562.94,-2.189431471,6.4650E-003,1562.94,6.4650E-003,1562.94,6.4650E-003,1562.94,6.4650E-003,1562.94,6.4650E-003
1563.01,-2.196201592,6.3650E-003,1563.01,6.3650E-003,1563.01,6.3650E-003,1563.01,6.3650E-003,1563.01,6.3650E-003
1563.08,-2.202663199,6.2710E-003,1563.08,6.2710E-003,1563.08,6.2710E-003,1563.08,6.2710E-003,1563.08,6.2710E-003
1563.15,-2.209574083,6.1720E-003,1563.15,6.1720E-003,1563.15,6.1720E-003,1563.15,6.1720E-003,1563.15,6.1720E-003
1563.22,-2.215882184,6.0830E-003,1563.22,6.0830E-003,1563.22,6.0830E-003,1563.22,6.0830E-003,1563.22,6.0830E-003
1563.29,-2.222428195,5.9920E-003,1563.29,5.9920E-003,1563.29,5.9920E-003,1563.29,5.9920E-003,1563.29,5.9920E-003
1563.36,-2.228559513,5.9080E-003,1563.36,5.9080E-003,1563.36,5.9080E-003,1563.36,5.9080E-003,1563.36,5.9080E-003
1563.43,-2.235898624,5.8090E-003,1563.43,5.8090E-003,1563.43,5.8090E-003,1563.43,5.8090E-003,1563.43,5.8090E-003
1563.5,-2.242528052,5.7210E-003,1563.5,5.7210E-003,1563.5,5.7210E-003,1563.5,5.7210E-003,1563.5,5.7210E-003
1563.57,-2.249337354,5.6320E-003,1563.57,5.6320E-003,1563.57,5.6320E-003,1563.57,5.6320E-003,1563.57,5.6320E-003
1563.64,-2.255394125,5.5540E-003,1563.64,5.5540E-003,1563.64,5.5540E-003,1563.64,5.5540E-003,1563.64,5.5540E-003
1563.71,-2.262250926,5.4670E-003,1563.71,5.4670E-003,1563.71,5.4670E-003,1563.71,5.4670E-003,1563.71,5.4670E-003
1563.78,-2.269217724,5.3800E-003,1563.78,5.3800E-003,1563.78,5.3800E-003,1563.78,5.3800E-003,1563.78,5.3800E-003
1563.85,-2.27572413,5.3000E-003,1563.85,5.3000E-003,1563.85,5.3000E-003,1563.85,5.3000E-003,1563.85,5.3000E-003
1563.92,-2.282662417,5.2160E-003,1563.92,5.2160E-003,1563.92,5.2160E-003,1563.92,5.2160E-003,1563.92,5.2160E-003
1563.99,-2.289713352,5.1320E-003,1563.99,5.1320E-003,1563.99,5.1320E-003,1563.99,5.1320E-003,1563.99,5.1320E-003
1564.06,-2.296364762,5.0540E-003,1564.06,5.0540E-003,1564.06,5.0540E-003,1564.06,5.0540E-003,1564.06,5.0540E-003
1564.13,-2.303294219,4.9740E-003,1564.13,4.9740E-003,1564.13,4.9740E-003,1564.13,4.9740E-003,1564.13,4.9740E-003
1564.2,-2.310158591,4.8960E-003,1564.2,4.8960E-003,1564.2,4.8960E-003,1564.2,4.8960E-003,1564.2,4.8960E-003
1564.27,-2.316682738,4.8230E-003,1564.27,4.8230E-003,1564.27,4.8230E-003,1564.27,4.8230E-003,1564.27,4.8230E-003
1564.34,-2.323580768,4.7470E-003,1564.34,4.7470E-003,1564.34,4.7470E-003,1564.34,4.7470E-003,1564.34,4.7470E-003
1564.41,-2.330497166,4.6720E-003,1564.41,4.6720E-003,1564.41,4.6720E-003,1564.41,4.6720E-003,1564.41,4.6720E-003
1564.48,-2.338092707,4.5910E-003,1564.48,4.5910E-003,1564.48,4.5910E-003,1564.48,4.5910E-003,1564.48,4.5910E-003
1564.55,-2.344765493,4.5210E-003,1564.55,4.5210E-003,1564.55,4.5210E-003,1564.55,4.5210E-003,1564.55,4.5210E-003
1564.62,-2.350957366,4.4570E-003,1564.62,4.4570E-003,1564.62,4.4570E-003,1564.62,4.4570E-003,1564.62,4.4570E-003
1564.69,-2.359121221,4.3740E-003,1564.69,4.3740E-003,1564.69,4.3740E-003,1564.69,4.3740E-003,1564.69,4.3740E-003
1564.76,-2.365119859,4.3140E-003,1564.76,4.3140E-003,1564.76,4.3140E-003,1564.76,4.3140E-003,1564.76,4.3140E-003
1564.83,-2.372326968,4.2430E-003,1564.83,4.2430E-003,1564.83,4.2430E-003,1564.83,4.2430E-003,1564.83,4.2430E-003
1564.9,-2.379135525,4.1770E-003,1564.9,4.1770E-003,1564.9,4.1770E-003,1564.9,4.1770E-003,1564.9,4.1770E-003
1564.97,-2.386686839,4.1050E-003,1564.97,4.1050E-003,1564.97,4.1050E-003,1564.97,4.1050E-003,1564.97,4.1050E-003
1565.04,-2.393296259,4.0430E-003,1565.04,4.0430E-003,1565.04,4.0430E-003,1565.04,4.0430E-003,1565.04,4.0430E-003
1565.11,-2.40099076,3.9720E-003,1565.11,3.9720E-003,1565.11,3.9720E-003,1565.11,3.9720E-003,1565.11,3.9720E-003
1565.18,-2.407823243,3.9100E-003,1565.18,3.9100E-003,1565.18,3.9100E-003,1565.18,3.9100E-003,1565.18,3.9100E-003
1565.25,-2.415329616,3.8430E-003,1565.25,3.8430E-003,1565.25,3.8430E-003,1565.25,3.8430E-003,1565.25,3.8430E-003
1565.32,-2.421934116,3.7850E-003,1565.32,3.7850E-003,1565.32,3.7850E-003,1565.32,3.7850E-003,1565.32,3.7850E-003
1565.39,-2.429573822,3.7190E-003,1565.39,3.7190E-003,1565.39,3.7190E-003,1565.39,3.7190E-003,1565.39,3.7190E-003
1565.46,-2.435452288,3.6690E-003,1565.46,3.6690E-003,1565.46,3.6690E-003,1565.46,3.6690E-003,1565.46,3.6690E-003
1565.53,-2.442613118,3.6090E-003,1565.53,3.6090E-003,1565.53,3.6090E-003,1565.53,3.6090E-003,1565.53,3.6090E-003
1565.6,-2.450016389,3.5480E-003,1565.6,3.5480E-003,1565.6,3.5480E-003,1565.6,3.5480E-003,1565.6,3.5480E-003
1565.67,-2.456925765,3.4920E-003,1565.67,3.4920E-003,1565.67,3.4920E-003,1565.67,3.4920E-003,1565.67,3.4920E-003
1565.74,-2.464199709,3.4340E-003,1565.74,3.4340E-003,1565.74,3.4340E-003,1565.74,3.4340E-003,1565.74,3.4340E-003
1565.81,-2.470698002,3.3830E-003,1565.81,3.3830E-003,1565.81,3.3830E-003,1565.81,3.3830E-003,1565.81,3.3830E-003
1565.88,-2.477686205,3.3290E-003,1565.88,3.3290E-003,1565.88,3.3290E-003,1565.88,3.3290E-003,1565.88,3.3290E-003
1565.95,-2.484656107,3.2760E-003,1565.95,3.2760E-003,1565.95,3.2760E-003,1565.95,3.2760E-003,1565.95,3.2760E-003
1566.02,-2.491470281,3.2250E-003,1566.02,3.2250E-003,1566.02,3.2250E-003,1566.02,3.2250E-003,1566.02,3.2250E-003
1566.09,-2.499763525,3.1640E-003,1566.09,3.1640E-003,1566.09,3.1640E-003,1566.09,3.1640E-003,1566.09,3.1640E-003
1566.16,-2.506541949,3.1150E-003,1566.16,3.1150E-003,1566.16,3.1150E-003,1566.16,3.1150E-003,1566.16,3.1150E-003
1566.23,-2.512296137,3.0740E-003,1566.23,3.0740E-003,1566.23,3.0740E-003,1566.23,3.0740E-003,1566.23,3.0740E-003
1566.3,-2.519561853,3.0230E-003,1566.3,3.0230E-003,1566.3,3.0230E-003,1566.3,3.0230E-003,1566.3,3.0230E-003
1566.37,-2.527389802,2.9690E-003,1566.37,2.9690E-003,1566.37,2.9690E-003,1566.37,2.9690E-003,1566.37,2.9690E-003
1566.44,-2.534468443,2.9210E-003,1566.44,2.9210E-003,1566.44,2.9210E-003,1566.44,2.9210E-003,1566.44,2.9210E-003
1566.51,-2.542269452,2.8690E-003,1566.51,2.8690E-003,1566.51,2.8690E-003,1566.51,2.8690E-003,1566.51,2.8690E-003
1566.58,-2.548827842,2.8260E-003,1566.58,2.8260E-003,1566.58,2.8260E-003,1566.58,2.8260E-003,1566.58,2.8260E-003
1566.65,-2.5551748,2.7850E-003,1566.65,2.7850E-003,1566.65,2.7850E-003,1566.65,2.7850E-003,1566.65,2.7850E-003
1566.72,-2.563042669,2.7350E-003,1566.72,2.7350E-003,1566.72,2.7350E-003,1566.72,2.7350E-003,1566.72,2.7350E-003
1566.79,-2.568958055,2.6980E-003,1566.79,2.6980E-003,1566.79,2.6980E-003,1566.79,2.6980E-003,1566.79,2.6980E-003
1566.86,-2.57626275,2.6530E-003,1566.86,2.6530E-003,1566.86,2.6530E-003,1566.86,2.6530E-003,1566.86,2.6530E-003
1566.93,-2.584192272,2.6050E-003,1566.93,2.6050E-003,1566.93,2.6050E-003,1566.93,2.6050E-003,1566.93,2.6050E-003
1567,-2.590574131,2.5670E-003,1567,2.5670E-003,1567,2.5670E-003,1567,2.5670E-003,1567,2.5670E-003
1567.07,-2.597394758,2.5270E-003,1567.07,2.5270E-003,1567.07,2.5270E-003,1567.07,2.5270E-003,1567.07,2.5270E-003
1567.14,-2.604673607,2.4850E-003,1567.14,2.4850E-003,1567.14,2.4850E-003,1567.14,2.4850E-003,1567.14,2.4850E-003
1567.21,-2.611898798,2.4440E-003,1567.21,2.4440E-003,1567.21,2.4440E-003,1567.21,2.4440E-003,1567.21,2.4440E-003
1567.28,-2.619246229,2.4030E-003,1567.28,2.4030E-003,1567.28,2.4030E-003,1567.28,2.4030E-003,1567.28,2.4030E-003
1567.35,-2.625618302,2.3680E-003,1567.35,2.3680E-003,1567.35,2.3680E-003,1567.35,2.3680E-003,1567.35,2.3680E-003
1567.42,-2.632271454,2.3320E-003,1567.42,2.3320E-003,1567.42,2.3320E-003,1567.42,2.3320E-003,1567.42,2.3320E-003
1567.49,-2.640164518,2.2900E-003,1567.49,2.2900E-003,1567.49,2.2900E-003,1567.49,2.2900E-003,1567.49,2.2900E-003
1567.56,-2.647238808,2.2530E-003,1567.56,2.2530E-003,1567.56,2.2530E-003,1567.56,2.2530E-003,1567.56,2.2530E-003
1567.63,-2.653451441,2.2210E-003,1567.63,2.2210E-003,1567.63,2.2210E-003,1567.63,2.2210E-003,1567.63,2.2210E-003
1567.7,-2.66274046,2.1740E-003,1567.7,2.1740E-003,1567.7,2.1740E-003,1567.7,2.1740E-003,1567.7,2.1740E-003
1567.77,-2.668572703,2.1450E-003,1567.77,2.1450E-003,1567.77,2.1450E-003,1567.77,2.1450E-003,1567.77,2.1450E-003
1567.84,-2.67592342,2.1090E-003,1567.84,2.1090E-003,1567.84,2.1090E-003,1567.84,2.1090E-003,1567.84,2.1090E-003
1567.91,-2.682354457,2.0780E-003,1567.91,2.0780E-003,1567.91,2.0780E-003,1567.91,2.0780E-003,1567.91,2.0780E-003
1567.98,-2.689944262,2.0420E-003,1567.98,2.0420E-003,1567.98,2.0420E-003,1567.98,2.0420E-003,1567.98,2.0420E-003
1568.05,-2.697236292,2.0080E-003,1568.05,2.0080E-003,1568.05,2.0080E-003,1568.05,2.0080E-003,1568.05,2.0080E-003
1568.12,-2.704872915,1.9730E-003,1568.12,1.9730E-003,1568.12,1.9730E-003,1568.12,1.9730E-003,1568.12,1.9730E-003
1568.19,-2.710634048,1.9470E-003,1568.19,1.9470E-003,1568.19,1.9470E-003,1568.19,1.9470E-003,1568.19,1.9470E-003
1568.26,-2.717831222,1.9150E-003,1568.26,1.9150E-003,1568.26,1.9150E-003,1568.26,1.9150E-003,1568.26,1.9150E-003
1568.33,-2.725380381,1.8820E-003,1568.33,1.8820E-003,1568.33,1.8820E-003,1568.33,1.8820E-003,1568.33,1.8820E-003
1568.4,-2.732828272,1.8500E-003,1568.4,1.8500E-003,1568.4,1.8500E-003,1568.4,1.8500E-003,1568.4,1.8500E-003
1568.47,-2.738975166,1.8240E-003,1568.47,1.8240E-003,1568.47,1.8240E-003,1568.47,1.8240E-003,1568.47,1.8240E-003
1568.54,-2.745451923,1.7970E-003,1568.54,1.7970E-003,1568.54,1.7970E-003,1568.54,1.7970E-003,1568.54,1.7970E-003
1568.61,-2.754240644,1.7610E-003,1568.61,1.7610E-003,1568.61,1.7610E-003,1568.61,1.7610E-003,1568.61,1.7610E-003
1568.68,-2.760450279,1.7360E-003,1568.68,1.7360E-003,1568.68,1.7360E-003,1568.68,1.7360E-003,1568.68,1.7360E-003
1568.75,-2.76649624,1.7120E-003,1568.75,1.7120E-003,1568.75,1.7120E-003,1568.75,1.7120E-003,1568.75,1.7120E-003
1568.82,-2.774174009,1.6820E-003,1568.82,1.6820E-003,1568.82,1.6820E-003,1568.82,1.6820E-003,1568.82,1.6820E-003
1568.89,-2.780677492,1.6570E-003,1568.89,1.6570E-003,1568.89,1.6570E-003,1568.89,1.6570E-003,1568.89,1.6570E-003
1568.96,-2.787546039,1.6310E-003,1568.96,1.6310E-003,1568.96,1.6310E-003,1568.96,1.6310E-003,1568.96,1.6310E-003
1569.03,-2.795066478,1.6030E-003,1569.03,1.6030E-003,1569.03,1.6030E-003,1569.03,1.6030E-003,1569.03,1.6030E-003
1569.1,-2.802443787,1.5760E-003,1569.1,1.5760E-003,1569.1,1.5760E-003,1569.1,1.5760E-003,1569.1,1.5760E-003
1569.17,-2.809388202,1.5510E-003,1569.17,1.5510E-003,1569.17,1.5510E-003,1569.17,1.5510E-003,1569.17,1.5510E-003
1569.24,-2.816160963,1.5270E-003,1569.24,1.5270E-003,1569.24,1.5270E-003,1569.24,1.5270E-003,1569.24,1.5270E-003
1569.31,-2.8224635,1.5050E-003,1569.31,1.5050E-003,1569.31,1.5050E-003,1569.31,1.5050E-003,1569.31,1.5050E-003
1569.38,-2.829151796,1.4820E-003,1569.38,1.4820E-003,1569.38,1.4820E-003,1569.38,1.4820E-003,1569.38,1.4820E-003
1569.45,-2.836242476,1.4580E-003,1569.45,1.4580E-003,1569.45,1.4580E-003,1569.45,1.4580E-003,1569.45,1.4580E-003
1569.52,-2.842241114,1.4380E-003,1569.52,1.4380E-003,1569.52,1.4380E-003,1569.52,1.4380E-003,1569.52,1.4380E-003
1569.59,-2.849857838,1.4130E-003,1569.59,1.4130E-003,1569.59,1.4130E-003,1569.59,1.4130E-003,1569.59,1.4130E-003
1569.66,-2.857923539,1.3870E-003,1569.66,1.3870E-003,1569.66,1.3870E-003,1569.66,1.3870E-003,1569.66,1.3870E-003
1569.73,-2.864231485,1.3670E-003,1569.73,1.3670E-003,1569.73,1.3670E-003,1569.73,1.3670E-003,1569.73,1.3670E-003
1569.8,-2.868702203,1.3530E-003,1569.8,1.3530E-003,1569.8,1.3530E-003,1569.8,1.3530E-003,1569.8,1.3530E-003
1569.87,-2.878112015,1.3240E-003,1569.87,1.3240E-003,1569.87,1.3240E-003,1569.87,1.3240E-003,1569.87,1.3240E-003
1569.94,-2.884389488,1.3050E-003,1569.94,1.3050E-003,1569.94,1.3050E-003,1569.94,1.3050E-003,1569.94,1.3050E-003
1570.01,-2.888401475,1.2930E-003,1570.01,1.2930E-003,1570.01,1.2930E-003,1570.01,1.2930E-003,1570.01,1.2930E-003
1570.08,-2.895171596,1.2730E-003,1570.08,1.2730E-003,1570.08,1.2730E-003,1570.08,1.2730E-003,1570.08,1.2730E-003
1570.15,-2.903437562,1.2490E-003,1570.15,1.2490E-003,1570.15,1.2490E-003,1570.15,1.2490E-003,1570.15,1.2490E-003
1570.22,-2.90868484,1.2340E-003,1570.22,1.2340E-003,1570.22,1.2340E-003,1570.22,1.2340E-003,1570.22,1.2340E-003
1570.29,-2.915781313,1.2140E-003,1570.29,1.2140E-003,1570.29,1.2140E-003,1570.29,1.2140E-003,1570.29,1.2140E-003
1570.36,-2.922995673,1.1940E-003,1570.36,1.1940E-003,1570.36,1.1940E-003,1570.36,1.1940E-003,1570.36,1.1940E-003
1570.43,-2.931072388,1.1720E-003,1570.43,1.1720E-003,1570.43,1.1720E-003,1570.43,1.1720E-003,1570.43,1.1720E-003
1570.5,-2.936666641,1.1570E-003,1570.5,1.1570E-003,1570.5,1.1570E-003,1570.5,1.1570E-003,1570.5,1.1570E-003